statistic,sepal.length,sepal.width,petal.length,petal.width,
means,5.843333333333334,3.0573333333333332,3.758,1.1993333333333334,
variances,0.6856935123042506,0.189979418344519,3.1162778523489933,0.5810062639821029,
medians,5.8,3.0,4.35,1.3,
